[
    {
        "id": "p00",
        "nameKor": "장영주",
        "nameEng": "Jang Youngjoo",
        "rank": "교수",
        "email": "jangyoungjoo@example.com",
        "education": [
            "임시 데이터",
            "임시 데이터",
            "임시 데이터",
            "임시 데이터"
        ],
        "field": [
            "임시 데이터",
            "임시 데이터",
            "임시 데이터",
            "임시 데이터"
        ],
        "imgUrl": "/image/0/portrait.jpg"
    },
    {
        "id": "p01",
        "nameKor": "권오재",
        "nameEng": "Kwon Ojae",
        "rank": "교수",
        "email": "kwonojae@example.com",
        "education": [
            "임시 데이터",
            "임시 데이터",
            "임시 데이터",
            "임시 데이터"
        ],
        "field": [
            "임시 데이터",
            "임시 데이터",
            "임시 데이터",
            "임시 데이터"
        ],
        "imgUrl": "/image/0/portrait.jpg"
    },
    {
        "id": "p02",
        "nameKor": "김 억",
        "nameEng": "Kim Eok",
        "rank": "교수",
        "email": "kimeok@example.com",
        "education": [
            "임시 데이터",
            "임시 데이터",
            "임시 데이터",
            "임시 데이터"
        ],
        "field": [
            "임시 데이터",
            "임시 데이터",
            "임시 데이터",
            "임시 데이터"
        ],
        "imgUrl": "/image/0/portrait.jpg"
    },
    {
        "id": "p03",
        "nameKor": "김한종",
        "nameEng": "Kim Hanjong",
        "rank": "교수",
        "email": "kimhanjong@example.com",
        "education": [
            "임시 데이터",
            "임시 데이터",
            "임시 데이터",
            "임시 데이터"
        ],
        "field": [
            "임시 데이터",
            "임시 데이터",
            "임시 데이터",
            "임시 데이터"
        ],
        "imgUrl": "/image/0/portrait.jpg"
    },
    {
        "id": "p04",
        "nameKor": "조남주",
        "nameEng": "Jo Namjoo",
        "rank": "교수",
        "email": "jonamjoo@example.com",
        "education": [
            "임시 데이터",
            "임시 데이터",
            "임시 데이터",
            "임시 데이터"
        ],
        "field": [
            "임시 데이터",
            "임시 데이터",
            "임시 데이터",
            "임시 데이터"
        ],
        "imgUrl": "/image/0/portrait.jpg"
    },
    {
        "id": "p05",
        "nameKor": "한민섭",
        "nameEng": "Han Minseop",
        "rank": "교수",
        "email": "hanminseop@example.com",
        "education": [
            "임시 데이터",
            "임시 데이터",
            "임시 데이터",
            "임시 데이터"
        ],
        "field": [
            "임시 데이터",
            "임시 데이터",
            "임시 데이터",
            "임시 데이터"
        ],
        "imgUrl": "/image/0/portrait.jpg"
    },
    {
        "id": "p06",
        "nameKor": "홍성수",
        "nameEng": "Hong Seongsu",
        "rank": "교수",
        "email": "hongseongsu@example.com",
        "education": [
            "임시 데이터",
            "임시 데이터",
            "임시 데이터",
            "임시 데이터"
        ],
        "field": [
            "임시 데이터",
            "임시 데이터",
            "임시 데이터",
            "임시 데이터"
        ],
        "imgUrl": "/image/0/portrait.jpg"
    },{
        "id": "p07",
        "nameKor": "김태균",
        "nameEng": "Kim Taekyun",
        "rank": "교수",
        "email": "kimtaekyun@example.com",
        "education": [
            "임시 데이터",
            "임시 데이터",
            "임시 데이터",
            "임시 데이터"
        ],
        "field": [
            "임시 데이터",
            "임시 데이터",
            "임시 데이터",
            "임시 데이터"
        ],
        "imgUrl": "/image/0/portrait.jpg"
    }
]